Rk,Name,Date,To Team,From Team,Age,WAR3,Yrs,G,AB,R,H,HR,RBI,SB,BB,BA,OBP,SLG,OPS,W,L,ERA,WHIP,G,GS,SV,IP,H,HR,BB,SO,Name-additional
1,Jeff Bennett,2010-05-25,Milwaukee Brewers,TBR,30,1.5,4,159,17,0,2,0,1,0,2,.118,.211,.176,.387,8,17,4.30,1.542,179,6,3,228.1,244,24,108,154,benneje01
2,Saul Rivera,2010-05-17,Arizona Diamondbacks,WSN,32,1.7,4,231,9,2,1,0,0,0,2,.111,.273,.111,.384,13,15,4.05,1.480,245,0,4,275.2,285,15,123,191,riversa01
3,Tim Redding,2010-05-13,New York Yankees,NYM,32,2.2,8,173,225,8,31,0,10,0,7,.138,.164,.160,.324,37,57,4.95,1.491,179,144,0,822.1,889,114,337,552,redditi01
4,Josh Anderson,2010-05-12,Milwaukee Brewers,KCR,27,0.4,3,179,486,73,132,4,47,36,26,.272,.313,.352,.665,,,,,,,,,,,,,anderjo03
5,Justin Christian,2010-05-08,New York Yankees,BAL,30,-0.2,1,24,40,6,10,0,6,7,3,.250,.302,.325,.627,,,,,,,,,,,,,chrisju01
6,Buck Coats,2010-05-04,Chicago White Sox,TOR,28,-0.1,3,,,,,,,,,,,,,,,,,,,,,,,,,coatsbu01
7,Travis Denker,2010-05-04,Los Angeles Dodgers,BOS,24,0.1,1,,,,,,,,,,,,,,,,,,,,,,,,,denketr01
8,Drew Anderson,2010-05-03,Milwaukee Brewers,MIL,29,,3,,,,,,,,,,,,,,,,,,,,,,,,,anderdr01
9,Charlie Zink,2010-04-26,Minnesota Twins,BOS,30,-0.3,1,,,,,,,,,,,,,,,,,,,,,,,,,zinkch01
10,Corey Patterson,2010-04-21,Baltimore Orioles,MIL,30,1.3,10,1007,3495,479,879,104,363,184,169,.252,.290,.404,.694,,,,,,,,,,,,,patteco01
11,Ron Villone,2010-04-20,Washington Nationals,WSN,40,0.8,15,392,170,7,22,1,7,0,1,.129,.140,.176,.316,61,65,4.73,1.500,717,93,8,1168.0,1115,136,637,925,villoro01
12,Mike Rivera,2010-04-16,Los Angeles Dodgers,MIL,33,0.8,7,181,528,51,129,13,69,3,41,.244,.305,.383,.688,,,,,,,,,,,,,rivermi02
13,Logan Kensing,2010-04-09,Tampa Bay Rays,WSN,27,-0.2,6,129,8,0,0,0,0,0,0,.000,.000,.000,.000,8,9,5.81,1.634,134,3,2,161.0,175,28,88,143,kensilo01
14,Alex Romero,2010-04-07,Atlanta Braves,ARI,26,-0.6,2,144,280,27,67,2,30,6,14,.239,.279,.339,.619,,,,,,,,,,,,,romeral01
15,Alejandro Machado,2010-04-06,Florida Marlins,MIN,28,,4,,,,,,,,,,,,,,,,,,,,,,,,,machaal01
16,Robby Hammock,2010-04-03,New York Yankees,BAL,33,-0.1,5,180,479,62,122,12,48,6,38,.255,.313,.409,.722,,,,,,,,,,,,,hammoro01
17,Chad Moeller,2010-04-03,New York Yankees,BAL,35,-0.5,10,492,1378,144,312,29,132,2,107,.226,.288,.351,.639,,,,,,,,,,,,,moellch01
18,John Van Benschoten,2010-04-03,New York Yankees,CHW,30,-2.9,5,,,,,,,,,,,,,,,,,,,,,,,,,vanbejo01
19,Virgil Vasquez,2010-04-02,Tampa Bay Rays,PIT,28,-1.1,2,14,10,0,0,0,0,0,0,.000,.000,.000,.000,2,6,6.60,1.761,19,10,0,61.1,85,13,23,36,vasquvi01
20,Ryan Garko,2010-04-01,Texas Rangers,SFG,29,3.7,5,448,1519,190,424,55,247,0,122,.279,.351,.441,.792,,,,,,,,,,,,,garkory01
21,Josh Fogg,2010-03-31,Philadelphia Phillies,COL,33,-0.3,9,227,335,21,40,0,11,1,13,.119,.155,.131,.286,62,69,5.03,1.458,243,194,0,1159.0,1293,165,397,627,foggjo01
22,Ty Taubenheim,2010-03-31,Philadelphia Phillies,PIT,27,0.2,3,,,,,,,,,,,,,,,,,,,,,,,,,taubety01
23,Joey Gathright,2010-03-30,Baltimore Orioles,BOS,29,-0.1,6,445,1175,177,309,1,96,80,96,.263,.327,.303,.630,,,,,,,,,,,,,gathrjo01
24,Chris Coste,2010-03-29,Washington Nationals,HOU,37,0.3,4,299,806,83,219,23,108,0,52,.272,.329,.416,.744,,,,,,,,,,,,,costech01
25,Luis Figueroa,2010-03-29,Toronto Blue Jays,LAA,36,0.1,8,,,,,,,,,,,,,,,,,,,,,,,,,figuelu01
26,Vladimir Núñez,2010-03-29,Atlanta Braves,ATL,35,0.1,9,244,60,3,8,1,5,0,1,.133,.148,.183,.331,21,34,4.83,1.423,254,27,21,442.0,430,55,199,327,nunezvl01
27,Scott Schoeneweis,2010-03-26,Boston Red Sox,ARI,36,-0.3,11,215,8,0,2,0,1,0,2,.250,.400,.375,.775,46,57,4.97,1.465,562,93,9,958.1,1016,110,388,555,schoesc01
28,Jeremy Hill,2010-03-24,Los Angeles Angels of Anaheim,LAA,32,,7,,,,,,,,,,,,,,,,,,,,,,,,,hillje02
29,Mike MacDougal,2010-03-24,Washington Nationals,WSN,33,-0.7,9,58,0,0,0,0,0,0,0,,,,,14,21,4.09,1.522,314,3,70,312.2,311,21,165,266,macdomi01
30,Ron Mahay,2010-03-24,Minnesota Twins,MIN,39,3.6,14,102,28,3,6,1,3,0,1,.214,.267,.429,.695,26,11,3.86,1.431,473,3,4,534.0,506,70,258,445,mahayro01
31,Joe Beimel,2010-03-23,Colorado Rockies,COL,33,3.6,9,432,43,3,10,0,1,0,2,.233,.267,.256,.522,22,29,4.23,1.486,461,23,4,517.1,551,43,218,294,beimejo01
32,Ray Olmedo,2010-03-22,Milwaukee Brewers,TBR,29,0.3,5,198,403,45,92,2,26,6,26,.228,.276,.293,.569,,,,,,,,,,,,,olmedra01
33,Matt Treanor,2010-03-22,Texas Rangers,DET,34,0.7,6,278,736,63,171,8,70,1,77,.232,.318,.311,.629,,,,,,,,,,,,,treanma01
34,Alan Embree,2010-03-20,Boston Red Sox,COL,40,-0.3,16,427,3,0,0,0,0,0,1,.000,.250,.000,.250,39,45,4.59,1.340,882,4,25,774.0,744,95,293,691,embreal01
35,Miguel Perez,2010-03-19,Cleveland Indians,PIT,26,,4,,,,,,,,,,,,,,,,,,,,,,,,,perezmi02
36,Kris Benson,2010-03-17,Arizona Diamondbacks,TEX,35,-0.5,8,162,316,23,41,1,22,0,15,.130,.174,.161,.336,69,74,4.41,1.390,203,197,0,1229.2,1274,150,435,798,bensokr01
37,Matt Kata,2010-03-13,Houston Astros,HOU,32,-1.5,5,278,695,89,166,12,63,9,48,.239,.290,.370,.660,,,,,,,,,,,,,katama01
38,Hank Blalock,2010-03-12,Tampa Bay Rays,TEX,29,2.3,8,910,3504,499,943,152,535,13,307,.269,.329,.465,.794,,,,,,,,,,,,,blaloha01
39,Mike O'Connor,2010-03-08,New York Mets,KCR,29,-1.0,2,25,33,2,2,0,1,0,1,.061,.088,.061,.149,4,9,5.45,1.430,26,21,0,114.0,107,18,56,63,oconnmi01
40,Brad Eldred,2010-03-07,Colorado Rockies,WSN,29,-0.7,2,74,236,26,47,14,30,1,14,.199,.251,.419,.670,,,,,,,,,,,,,eldrebr01
41,Travis Metcalf,2010-03-05,Colorado Rockies,TEX,27,0.4,2,,,,,,,,,,,,,,,,,,,,,,,,,metcatr01
42,Kiko Calero,2010-03-04,New York Mets,FLA,35,1.9,7,136,6,1,1,0,1,0,0,.167,.167,.167,.333,14,12,3.24,1.196,313,1,7,302.2,236,24,126,324,calerki01
43,Garret Anderson,2010-03-03,Los Angeles Dodgers,ATL,38,1.3,16,2148,8485,1076,2501,285,1353,79,424,.295,.326,.465,.790,,,,,,,,,,,,,anderga01
44,Yoslán Herrera,2010-03-02,Minnesota Twins,PIT,29,-0.7,1,5,7,1,1,0,0,0,0,.143,.143,.143,.286,1,1,9.82,2.564,5,5,0,18.1,35,1,12,10,herreyo01
45,Matt Kinney,2010-03-01,San Francisco Giants,SFG,33,,9,,,,,,,,,,,,,,,,,,,,,,,,,kinnema01
46,Wes Littleton,2010-03-01,Seattle Mariners,MIL,27,0.4,3,,,,,,,,,,,,,,,,,,,,,,,,,littlwe01
47,Chan Ho Park,2010-02-28,New York Yankees,PHI,37,1.3,16,349,429,27,77,3,31,0,20,.179,.215,.240,.455,120,95,4.35,1.398,423,287,2,1929.1,1807,221,891,1663,parkch01
48,Brett Tomko,2010-02-28,Oakland Athletics,OAK,37,0.0,13,307,456,23,71,0,29,0,19,.156,.189,.175,.365,100,102,4.65,1.365,389,266,2,1798.1,1883,251,572,1195,tomkobr01
49,Felipe Lopez,2010-02-27,St. Louis Cardinals,MIL,30,2.5,9,1024,3805,536,1025,80,391,115,393,.269,.338,.400,.738,,,,,,,,,,,,,lopezfe01
50,Eric Munson,2010-02-25,San Diego Padres,OAK,32,-0.7,9,361,1056,97,226,49,147,4,104,.214,.289,.394,.683,,,,,,,,,,,,,munsoer01
51,Wes Bankston,2010-02-24,Texas Rangers,CIN,26,-0.5,1,,,,,,,,,,,,,,,,,,,,,,,,,bankswe01
52,Rod Barajas,2010-02-24,New York Mets,TOR,34,2.5,11,813,2521,299,601,92,355,2,143,.238,.284,.408,.691,,,,,,,,,,,,,barajro01
53,Russell Branyan,2010-02-24,Cleveland Indians,SEA,34,4.2,12,882,2431,347,568,164,396,13,339,.234,.331,.491,.822,,,,,,,,,,,,,branyru01
54,Liván Hernández,2010-02-24,Washington Nationals,WSN,35,0.5,14,384,862,59,196,9,75,0,8,.227,.237,.305,.542,156,151,4.45,1.450,413,412,0,2734.2,3026,315,940,1715,hernali01
55,Matt Stairs,2010-02-23,San Diego Padres,PHI,42,2.6,17,1761,5040,752,1333,259,881,28,697,.264,.358,.481,.839,,,,,,,,,,,,,stairma01
56,Johnny Damon,2010-02-22,Detroit Tigers,NYY,36,11.1,15,2131,8408,1483,2425,207,996,374,866,.288,.355,.439,.794,,,,,,,,,,,,,damonjo01
57,Jonny Gomes,2010-02-22,Cincinnati Reds,CIN,29,0.4,7,513,1545,225,372,86,235,33,177,.241,.330,.471,.801,,,,,,,,,,,,,gomesjo01
58,Josh Barfield,2010-02-20,San Diego Padres,CLE,27,-0.5,4,309,1012,133,267,16,112,35,44,.264,.295,.375,.671,,,,,,,,,,,,,barfijo02
59,José Molina,2010-02-19,Toronto Blue Jays,NYY,35,0.6,10,554,1449,151,341,20,136,9,74,.235,.277,.332,.609,,,,,,,,,,,,,molinjo01
60,Dustin Moseley,2010-02-16,New York Yankees,LAA,28,0.8,4,5,0,0,0,0,0,0,0,,,,,8,7,5.41,1.554,64,23,0,168.0,209,19,52,98,moseldu01
61,Chien-Ming Wang,2010-02-16,Washington Nationals,NYY,30,5.5,5,6,14,1,0,0,0,0,0,.000,.000,.000,.000,55,26,4.16,1.339,109,104,1,670.2,701,41,197,310,wangch01
62,Joaquín Benoit,2010-02-15,Tampa Bay Rays,TEX,32,2.1,8,13,9,1,0,0,0,0,0,.000,.000,.000,.000,30,26,4.79,1.417,273,55,8,591.1,556,77,282,538,benoijo01
63,Endy Chavez,2010-02-15,Texas Rangers,SEA,32,1.5,9,827,2237,289,605,19,190,87,140,.270,.312,.367,.679,,,,,,,,,,,,,chaveen01
64,Daniel Davidson,2010-02-15,Los Angeles Angels of Anaheim,LAA,29,0.0,1,0,0,0,0,0,0,0,0,,,,,0,0,5.40,3.600,4,0,0,1.2,3,0,3,0,davidda02
65,Adam Kennedy,2010-02-12,Washington Nationals,OAK,34,2.2,11,1356,4583,581,1270,68,486,156,319,.277,.330,.391,.721,,,,,,,,,,,,,kennead01
66,Paul McAnulty,2010-02-12,Los Angeles Angels of Anaheim,COL,29,-0.1,4,124,212,21,44,5,21,1,34,.208,.324,.330,.654,,,,,,,,,,,,,mcanupa01
67,Mike Sweeney,2010-02-12,Seattle Mariners,SEA,36,0.8,15,1398,5037,738,1502,207,883,50,508,.298,.367,.487,.854,,,,,,,,,,,,,sweenmi01
68,Alex Cintron,2010-02-11,New York Mets,SEA,31,-3.3,9,680,2056,244,565,33,222,18,112,.275,.313,.394,.707,,,,,,,,,,,,,cintral01
69,Mike Jacobs,2010-02-11,New York Mets,KCR,29,-3.1,5,549,1906,243,484,99,308,5,163,.254,.313,.476,.789,,,,,,,,,,,,,jacobmi02
70,Mike Lamb,2010-02-11,Florida Marlins,NYM,34,0.9,9,936,2668,380,739,69,345,7,224,.277,.333,.417,.751,,,,,,,,,,,,,lambmi01
71,Robb Quinlan,2010-02-11,Los Angeles Angels of Anaheim,LAA,33,-1.1,7,435,1079,130,303,25,119,14,67,.281,.326,.408,.734,,,,,,,,,,,,,quinlro01
72,Shawn Riggans,2010-02-11,New York Mets,TBR,29,0.0,4,64,188,27,38,7,28,0,16,.202,.266,.356,.622,,,,,,,,,,,,,riggash01
73,Mark Saccomanno,2010-02-11,Florida Marlins,HOU,30,0.1,1,,,,,,,,,,,,,,,,,,,,,,,,,saccoma01
74,Kip Wells,2010-02-11,Cincinnati Reds,CIN,33,-2.0,11,214,319,29,62,4,17,1,4,.194,.207,.270,.476,67,99,4.71,1.510,289,212,2,1301.0,1349,145,615,944,wellski01
75,Jesus Colome,2010-02-10,Seattle Mariners,MIL,32,0.3,9,147,2,0,0,0,0,0,0,.000,.000,.000,.000,19,26,4.66,1.505,329,0,6,409.1,403,48,213,314,colomje01
76,Marcus Thames,2010-02-10,New York Yankees,DET,33,0.7,8,522,1549,230,376,101,261,3,136,.243,.306,.491,.797,,,,,,,,,,,,,thamema01
77,Todd Wellemeyer,2010-02-10,San Francisco Giants,STL,31,-0.2,7,156,120,5,17,0,6,0,2,.142,.154,.142,.296,29,29,4.74,1.505,195,64,3,556.0,567,74,270,418,welleto01
78,Mark Worrell,2010-02-10,San Diego Padres,SDP,27,0.0,1,4,2,1,1,1,3,0,0,.500,.500,2.000,2.500,0,1,7.94,2.118,4,0,0,5.2,8,1,4,4,worrema01
79,Angel Chavez,2010-02-09,Tampa Bay Rays,BOS,28,,4,,,,,,,,,,,,,,,,,,,,,,,,,chavean02
80,Brian Giles,2010-02-09,Los Angeles Dodgers,SDP,39,4.4,15,1847,6527,1121,1897,287,1078,109,1183,.291,.400,.502,.902,,,,,,,,,,,,,gilesbr02
81,Mark Hendrickson,2010-02-09,Baltimore Orioles,BAL,36,0.5,8,98,97,8,13,1,3,0,6,.134,.184,.216,.401,56,68,5.00,1.448,268,165,1,1082.2,1249,135,319,606,hendrma01
82,Bobby Korecky,2010-02-09,Los Angeles Angels of Anaheim,ARI,30,-0.2,2,7,1,0,1,0,0,0,0,1.000,1.000,1.000,2.000,2,0,6.85,1.775,21,0,0,23.2,30,2,12,9,korecbo01
83,Will Ohman,2010-02-09,Baltimore Orioles,LAD,32,0.5,7,312,5,0,2,0,1,0,1,.400,.500,.400,.900,11,9,4.25,1.385,324,0,3,231.0,206,24,114,226,ohmanwi01
84,Jamey Wright,2010-02-09,Cleveland Indians,KCR,35,0.4,14,258,436,26,64,1,17,0,12,.147,.170,.193,.362,82,115,5.03,1.580,420,246,0,1702.0,1847,182,843,940,wrighja01
85,Randy Winn,2010-02-08,New York Yankees,SFG,36,8.0,12,1601,5981,840,1710,106,637,209,505,.286,.344,.418,.762,,,,,,,,,,,,,winnra01
86,Chase Wright,2010-02-08,Milwaukee Brewers,MIL,27,-0.1,2,,,,,,,,,,,,,,,,,,,,,,,,,wrighch01
87,Shawn Estes,2010-02-07,Washington Nationals,LAD,37,0.0,14,,,,,,,,,,,,,,,,,,,,,,,,,estessh01
88,Andrew Brown,2010-02-06,Washington Nationals,OAK,29,0.6,3,,,,,,,,,,,,,,,,,,,,,,,,,brownan01
89,Jason Dubois,2010-02-06,Chicago Cubs,NYM,31,,5,,,,,,,,,,,,,,,,,,,,,,,,,duboija01
90,Jason Lane,2010-02-06,Florida Marlins,TOR,33,-0.8,6,497,1208,165,291,61,189,10,123,.241,.314,.457,.771,,,,,,,,,,,,,laneja01
91,J.J. Furmaniak,2010-02-05,Tampa Bay Rays,PHI,30,0.0,4,,,,,,,,,,,,,,,,,,,,,,,,,furmajj01
92,Josh Phelps,2010-02-05,Colorado Rockies,SFG,32,0.5,9,,,,,,,,,,,,,,,,,,,,,,,,,phelpjo01
93,Yorvit Torrealba,2010-02-05,San Diego Padres,COL,31,0.8,9,574,1781,206,454,38,235,11,139,.255,.315,.390,.706,,,,,,,,,,,,,torreyo01
94,Erik Bedard,2010-02-04,Seattle Mariners,SEA,31,9.0,7,7,15,0,4,0,1,0,1,.267,.313,.267,.579,51,41,3.71,1.322,144,141,0,822.0,762,75,325,801,bedarer01
95,Joel Guzman,2010-02-04,Baltimore Orioles,WSN,25,-0.3,3,,,,,,,,,,,,,,,,,,,,,,,,,guzmajo03
96,Orlando Hudson,2010-02-04,Minnesota Twins,LAD,32,10.5,8,1014,3670,493,1035,77,434,50,364,.282,.348,.431,.778,,,,,,,,,,,,,hudsoor01
97,Alfredo Amezaga,2010-02-03,Los Angeles Dodgers,FLA,32,3.8,8,544,1331,167,334,12,106,49,105,.251,.311,.341,.652,,,,,,,,,,,,,amezaal01
98,Seth Etherton,2010-02-03,Los Angeles Dodgers,ARI,33,,9,,,,,,,,,,,,,,,,,,,,,,,,,etherse01
99,Bobby Livingston,2010-02-03,New York Mets,PIT,27,0.6,3,,,,,,,,,,,,,,,,,,,,,,,,,livinbo01
100,Kevin Millar,2010-02-03,Chicago Cubs,TOR,38,1.1,12,1427,4688,648,1284,170,699,7,564,.274,.358,.452,.810,,,,,,,,,,,,,millake01
101,Mike Ryan,2010-02-03,Los Angeles Angels of Anaheim,FLA,32,,4,127,260,32,69,7,33,4,19,.265,.313,.408,.721,,,,,,,,,,,,,ryanmi03
102,Kevin Gregg,2010-02-02,Toronto Blue Jays,CHC,32,2.7,7,218,6,0,0,0,0,0,0,.000,.000,.000,.000,23,27,4.10,1.321,343,8,85,476.1,436,50,193,437,greggke01
103,Seth McClung,2010-02-02,Florida Marlins,MIL,29,1.1,6,89,27,2,5,0,0,0,0,.185,.185,.222,.407,26,34,5.46,1.578,177,51,6,430.1,425,61,254,314,mccluse01
104,Guillermo Mota,2010-02-02,San Francisco Giants,LAD,36,0.3,11,549,37,4,8,2,7,0,0,.216,.216,.405,.622,36,39,3.89,1.267,609,0,8,701.2,618,73,271,557,motagu01
105,Ramon Ortiz,2010-02-02,Los Angeles Dodgers,SFG,37,0.1,9,86,136,8,11,1,4,0,5,.081,.113,.118,.231,84,80,4.90,1.419,258,210,0,1359.2,1468,217,462,841,ortizra02
106,Craig Stansberry,2010-02-02,San Diego Padres,SDP,28,0.0,3,24,24,5,8,0,3,0,2,.333,.407,.375,.782,,,,,,,,,,,,,stanscr01
107,Jeff Weaver,2010-02-02,Los Angeles Dodgers,LAD,33,0.4,10,127,203,14,42,0,13,0,6,.207,.233,.246,.480,99,118,4.67,1.363,312,274,2,1793.2,1949,222,496,1188,weaveje01
108,Orlando Cabrera,2010-02-01,Cincinnati Reds,MIN,35,6.1,13,1732,6618,882,1818,114,761,197,469,.275,.322,.398,.720,,,,,,,,,,,,,cabreor01
109,Reed Johnson,2010-02-01,Los Angeles Dodgers,CHC,33,1.4,7,784,2581,394,728,52,306,35,151,.282,.344,.411,.755,,,,,,,,,,,,,johnsre02
110,Joe Nelson,2010-02-01,Boston Red Sox,TBR,35,1.7,5,61,1,1,0,0,0,0,0,.000,.000,.000,.000,7,2,4.07,1.392,149,0,13,143.2,122,18,78,145,nelsojo01
111,Horacio Ramirez,2010-02-01,San Francisco Giants,WSN,30,-1.2,7,88,179,9,27,0,5,0,2,.151,.160,.179,.339,39,35,4.64,1.478,157,105,0,679.1,742,82,262,314,ramirho01
112,Gabe Gross,2010-01-31,Oakland Athletics,TBR,30,2.8,6,552,1239,176,296,39,161,17,182,.239,.337,.399,.736,,,,,,,,,,,,,grossga01
113,Melvin Mora,2010-01-31,Colorado Rockies,BAL,38,4.0,11,1401,4979,750,1384,164,693,91,487,.278,.352,.436,.788,,,,,,,,,,,,,morame01
114,Scott Munter,2010-01-30,San Diego Padres,COL,30,0.1,4,,,,,,,,,,,,,,,,,,,,,,,,,muntesc01
115,Miguel Batista,2010-01-29,Washington Nationals,SEA,39,0.6,15,278,291,19,27,2,9,0,11,.093,.125,.131,.256,95,108,4.54,1.497,530,237,39,1761.0,1843,177,794,1128,batismi01
116,Doug Bernier,2010-01-29,Pittsburgh Pirates,NYY,30,-0.1,1,2,4,0,0,0,0,0,0,.000,.000,.000,.000,,,,,,,,,,,,,bernido01
117,Travis Blackley,2010-01-29,New York Mets,ARI,27,-0.1,2,2,3,0,1,0,0,0,0,.333,.333,.333,.667,1,3,9.35,2.077,8,8,0,34.2,45,11,27,21,blacktr01
118,Frank Catalanotto,2010-01-29,New York Mets,MIL,36,1.1,13,1240,3799,560,1109,84,456,45,330,.292,.358,.446,.804,,,,,,,,,,,,,catalfr01
119,Howie Clark,2010-01-29,Toronto Blue Jays,TOR,36,0.0,7,,,,,,,,,,,,,,,,,,,,,,,,,clarkho02
120,Brian Gordon,2010-01-29,Philadelphia Phillies,TEX,31,0.1,1,0,0,0,0,0,0,0,0,,,,,0,0,2.25,1.000,3,0,0,4.0,4,0,0,1,gordobr01
121,Carlos Guevara,2010-01-29,Colorado Rockies,SDP,28,-0.1,1,,,,,,,,,,,,,,,,,,,,,,,,,guevaca01
122,Kevin Melillo,2010-01-29,Pittsburgh Pirates,MIL,28,0.0,2,,,,,,,,,,,,,,,,,,,,,,,,,melilke01
123,Jose Veras,2010-01-29,Florida Marlins,CLE,29,0.8,4,5,0,0,0,0,0,0,0,,,,,9,6,4.42,1.379,128,0,3,128.1,108,17,69,116,verasjo01
124,Daniel Cabrera,2010-01-28,Chicago White Sox,ARI,29,0.0,6,23,26,0,0,0,0,0,2,.000,.103,.000,.103,48,65,5.10,1.573,162,155,1,892.1,884,92,520,674,cabreda01
125,Justin Knoedler,2010-01-28,Los Angeles Dodgers,CHW,29,,5,,,,,,,,,,,,,,,,,,,,,,,,,knoedju01
126,Val Pascucci,2010-01-28,New York Mets,SDP,31,,1,32,62,6,11,2,6,1,10,.177,.297,.290,.588,,,,,,,,,,,,,pascuva01
127,Fernando Tatís,2010-01-28,New York Mets,NYM,35,2.7,10,908,2986,421,795,111,442,50,315,.266,.345,.444,.790,,,,,,,,,,,,,tatisfe01
128,Miguel Cairo,2010-01-27,Cincinnati Reds,PHI,36,0.7,14,1227,3361,432,893,28,320,128,204,.266,.315,.358,.672,,,,,,,,,,,,,cairomi01
129,Dan Giese,2010-01-27,Oakland Athletics,OAK,33,0.5,3,9,0,0,0,0,0,0,0,,,,,1,8,4.22,1.259,35,4,0,74.2,69,12,25,47,gieseda01
130,Chris Gissell,2010-01-27,Colorado Rockies,OAK,32,,5,,,,,,,,,,,,,,,,,,,,,,,,,gissech01
131,Heath Phillips,2010-01-27,Tampa Bay Rays,KCR,28,0.2,2,,,,,,,,,,,,,,,,,,,,,,,,,phillhe01
132,Brad Ausmus,2010-01-26,Los Angeles Dodgers,LAD,41,0.0,17,1950,6216,714,1565,80,605,102,627,.252,.325,.344,.670,,,,,,,,,,,,,ausmubr01
133,Ronnie Belliard,2010-01-26,Los Angeles Dodgers,LAD,35,4.6,12,1402,4883,661,1342,112,582,41,470,.275,.339,.418,.757,,,,,,,,,,,,,belliro01
134,Jon Garland,2010-01-26,San Diego Padres,LAD,30,5.8,10,48,89,5,9,1,5,0,3,.101,.140,.135,.275,117,102,4.42,1.387,311,288,1,1829.1,1944,228,593,960,garlajo01
135,Freddy Guzman,2010-01-26,Philadelphia Phillies,NYY,29,0.1,4,47,95,13,20,1,7,9,4,.211,.255,.274,.529,,,,,,,,,,,,,guzmafr01
136,Rich Hill,2010-01-26,St. Louis Cardinals,BAL,30,2.3,5,65,114,1,14,0,6,0,2,.123,.138,.149,.287,21,20,4.87,1.356,78,70,0,395.1,359,55,177,355,hillri01
137,Damian Moss,2010-01-26,Colorado Rockies,COL,33,,8,,,,,,,,,,,,,,,,,,,,,,,,,mossda01
138,Xavier Nady,2010-01-26,Chicago Cubs,NYY,31,4.1,8,679,2257,290,632,87,325,16,144,.280,.335,.458,.792,,,,,,,,,,,,,nadyxa01
139,Rich Rundles,2010-01-26,St. Louis Cardinals,CLE,29,0.2,2,0,0,0,0,0,0,0,0,,,,,0,0,1.50,1.667,9,0,0,6.0,6,0,4,7,rundlri01
140,Jim Thome HOF,2010-01-26,Minnesota Twins,LAD,39,7.2,19,2284,7706,1486,2138,564,1565,19,1619,.277,.404,.557,.961,,,,,,,,,,,,,thomeji01
141,Kevin Cash,2010-01-25,Houston Astros,NYY,32,-0.6,7,197,527,47,98,10,53,0,38,.186,.248,.287,.535,,,,,,,,,,,,,cashke01
142,Devern Hansack,2010-01-25,Boston Red Sox,BOS,32,-0.1,3,,,,,,,,,,,,,,,,,,,,,,,,,hansade01
143,Luis Maza,2010-01-25,Philadelphia Phillies,LAD,30,-0.7,1,,,,,,,,,,,,,,,,,,,,,,,,,mazalu01
144,Chad Tracy,2010-01-25,Chicago Cubs,ARI,30,-1.2,6,704,2338,293,654,78,318,11,205,.280,.339,.453,.792,,,,,,,,,,,,,tracych01
145,Tyler Walker,2010-01-25,Washington Nationals,PHI,34,1.5,7,227,10,0,0,0,0,0,1,.000,.091,.000,.091,22,18,4.32,1.388,262,1,34,264.1,265,32,102,213,walkety01
146,Jason Giambi,2010-01-23,Colorado Rockies,COL,39,2.7,15,1952,6625,1159,1871,409,1330,18,1262,.282,.405,.527,.932,,,,,,,,,,,,,giambja01
147,Miguel Tejada,2010-01-23,Baltimore Orioles,HOU,36,6.2,13,1871,7320,1116,2114,285,1185,78,505,.289,.341,.469,.810,,,,,,,,,,,,,tejadmi01
148,Jose Arredondo,2010-01-22,Cincinnati Reds,LAA,26,1.6,2,6,0,0,0,0,0,0,0,,,,,12,5,3.48,1.264,95,0,0,106.0,89,9,45,102,arredjo01
149,José Contreras,2010-01-22,Philadelphia Phillies,COL,38,3.1,7,19,29,1,0,0,0,0,3,.000,.094,.000,.094,71,63,4.61,1.371,191,175,0,1083.2,1092,124,394,799,contrjo01
150,Doug Davis,2010-01-22,Milwaukee Brewers,ARI,34,6.1,11,203,389,12,34,0,12,0,4,.087,.099,.108,.207,90,97,4.31,1.492,289,269,0,1631.2,1699,172,736,1209,davisdo02
151,Scott Dohmann,2010-01-22,Los Angeles Dodgers,ARI,32,0.6,5,,,,,,,,,,,,,,,,,,,,,,,,,dohmasc01
152,Nick Green,2010-01-22,Los Angeles Dodgers,BOS,31,0.1,5,378,979,140,234,16,94,6,76,.239,.307,.352,.660,0,0,0.00,1.500,1,0,0,2.0,0,0,3,0,greenni01
153,John Koronka,2010-01-22,Los Angeles Dodgers,FLA,29,-0.7,4,10,13,0,0,0,0,0,1,.000,.071,.000,.071,8,13,6.25,1.629,31,30,0,158.1,191,23,67,77,koronjo01
154,Brian Lawrence,2010-01-22,Florida Marlins,FLA,34,-0.3,8,,,,,,,,,,,,,,,,,,,,,,,,,lawrebr02
155,Russ Ortiz,2010-01-22,Los Angeles Dodgers,COL,36,-0.5,11,278,507,45,104,7,49,0,35,.205,.257,.292,.549,113,88,4.48,1.489,305,266,0,1654.1,1608,179,855,1186,ortizru01
156,Michael Restovich,2010-01-22,Los Angeles Dodgers,CHW,31,-0.5,7,,,,,,,,,,,,,,,,,,,,,,,,,restomi01
157,Rick Ankiel,2010-01-21,Kansas City Royals,STL,30,3.6,7,342,1044,155,262,49,157,7,87,.251,.311,.452,.763,,,,,,,,,,,,,ankieri01
158,Denny Bautista,2010-01-21,San Francisco Giants,PIT,29,-0.9,6,62,7,0,1,0,1,0,0,.143,.143,.143,.286,9,15,6.26,1.714,100,21,0,189.2,221,17,104,136,bautide01
159,Harvey Garcia,2010-01-21,Los Angeles Dodgers,LAD,26,0.1,2,,,,,,,,,,,,,,,,,,,,,,,,,garciha01
160,Khalil Greene,2010-01-21,Texas Rangers,STL,30,2.2,7,736,2567,322,628,90,352,25,190,.245,.302,.422,.723,,,,,,,,,,,,,greenkh01
161,Shawn Hill,2010-01-21,Toronto Blue Jays,SDP,29,1.4,5,35,45,3,3,0,0,0,6,.067,.192,.067,.259,8,16,4.95,1.461,40,40,0,218.1,249,18,70,137,hillsh01
162,Mark McLemore,2010-01-21,Minnesota Twins,HOU,29,0.4,2,,,,,,,,,,,,,,,,,,,,,,,,,mclemma02
163,Vicente Padilla,2010-01-21,Los Angeles Dodgers,LAD,32,2.3,11,195,224,8,23,0,15,0,14,.103,.162,.125,.287,98,85,4.33,1.392,305,221,2,1417.2,1467,160,507,977,padilvi01
164,Jared Wells,2010-01-21,Houston Astros,SEA,28,-0.3,1,,,,,,,,,,,,,,,,,,,,,,,,,wellsja02
165,D.J. Carrasco,2010-01-20,Pittsburgh Pirates,CHW,33,2.4,5,9,9,0,0,0,0,0,0,.000,.000,.000,.000,20,16,4.45,1.474,181,23,2,362.1,385,31,149,220,carradj01
166,Octavio Dotel,2010-01-20,Pittsburgh Pirates,CHW,36,2.2,11,328,74,3,5,0,1,0,5,.068,.138,.068,.205,46,39,3.73,1.251,562,34,83,770.1,617,99,347,940,doteloc01
167,Juan Mateo,2010-01-20,Los Angeles Angels of Anaheim,PIT,27,,3,,,,,,,,,,,,,,,,,,,,,,,,,mateoju02
168,Joel Pineiro,2010-01-20,Los Angeles Angels of Anaheim,STL,31,2.7,10,88,159,10,17,0,10,1,9,.107,.155,.145,.299,87,79,4.39,1.343,285,216,2,1456.1,1541,162,415,904,pineijo01
169,Mike Rabelo,2010-01-20,Detroit Tigers,FLA,30,-0.4,3,,,,,,,,,,,,,,,,,,,,,,,,,rabelmi01
170,Cory Sullivan,2010-01-20,Houston Astros,NYM,30,0.4,5,419,1063,150,293,10,93,32,88,.276,.331,.389,.721,,,,,,,,,,,,,sullico01
171,Bengie Molina,2010-01-19,San Francisco Giants,SFG,35,2.4,12,1244,4435,430,1223,139,675,3,184,.276,.308,.418,.726,,,,,,,,,,,,,molinbe01
172,Gustavo Molina,2010-01-19,Boston Red Sox,WSN,28,-0.5,2,19,34,1,4,0,1,0,2,.118,.162,.147,.309,,,,,,,,,,,,,molingu01
173,Sam Narron,2010-01-19,Detroit Tigers,MIL,28,,5,,,,,,,,,,,,,,,,,,,,,,,,,narrosa02
174,Steven Register,2010-01-19,Toronto Blue Jays,PHI,27,-0.2,2,11,0,0,0,0,0,0,0,,,,,0,0,8.25,1.917,11,0,0,12.0,16,4,7,9,regisst01
175,Jose Valverde,2010-01-19,Detroit Tigers,HOU,32,5.2,7,356,2,1,1,0,0,0,0,.500,.500,1.000,1.500,19,19,3.17,1.168,379,0,167,386.0,296,44,155,470,valvejo01
176,Jerry Hairston,2010-01-18,San Diego Padres,NYY,34,3.0,12,1029,3178,448,822,49,291,134,272,.259,.328,.373,.701,,,,,,,,,,,,,hairsje02
177,Shane Loux,2010-01-18,Houston Astros,LAA,30,-0.4,4,0,0,0,0,0,0,0,0,,,,,3,7,6.14,1.618,39,13,0,118.2,156,13,36,38,louxsh01
178,Ruddy Lugo,2010-01-18,Detroit Tigers,DET,30,-0.1,3,,,,,,,,,,,,,,,,,,,,,,,,,lugoru01
179,Chad Paronto,2010-01-18,Boston Red Sox,HOU,34,-0.1,7,119,3,0,0,0,0,0,0,.000,.000,.000,.000,6,12,4.32,1.451,177,0,1,183.1,200,21,66,107,paronch01
180,Jeremy Reed,2010-01-18,Toronto Blue Jays,NYM,29,-0.7,6,462,1222,140,312,11,107,19,98,.255,.312,.357,.669,,,,,,,,,,,,,reedje03
181,Brendan Donnelly,2010-01-16,Pittsburgh Pirates,FLA,38,0.8,8,53,1,0,0,0,0,0,0,.000,.000,.000,.000,29,9,3.02,1.210,348,0,6,354.2,300,29,129,343,donnebr01
182,Jolbert Cabrera,2010-01-15,New York Mets,BAL,37,0.3,11,,,,,,,,,,,,,,,,,,,,,,,,,cabrejo02
183,Carlos Muniz,2010-01-15,New York Mets,NYM,29,-0.1,2,,,,,,,,,,,,,,,,,,,,,,,,,munizca01
184,Mike Redmond,2010-01-15,Cleveland Indians,MIN,39,-0.1,12,741,2201,201,636,13,238,1,143,.289,.345,.361,.705,,,,,,,,,,,,,redmomi01
185,Jeff Salazar,2010-01-15,Baltimore Orioles,PIT,29,-0.5,4,168,298,44,69,4,31,5,44,.232,.335,.349,.684,,,,,,,,,,,,,salazje01
186,Mark Johnson,2010-01-14,Chicago Cubs,CHC,34,-0.1,11,,,,,,,,,,,,,,,,,,,,,,,,,johnsma02
187,Kory Casto,2010-01-13,Detroit Tigers,WSN,28,-1.6,2,,,,,,,,,,,,,,,,,,,,,,,,,castoko01
188,Brandon Duckworth,2010-01-13,Philadelphia Phillies,KCR,34,0.4,8,,,,,,,,,,,,,,,,,,,,,,,,,duckwbr01
189,Adam LaRoche,2010-01-13,Arizona Diamondbacks,ATL,30,4.9,6,838,2877,402,787,136,469,4,306,.274,.343,.491,.834,,,,,,,,,,,,,larocad01
190,Pedro Lopez,2010-01-13,Washington Nationals,PIT,26,-0.5,4,,,,,,,,,,,,,,,,,,,,,,,,,lopezpe01
191,Jorge Sosa,2010-01-13,Boston Red Sox,WSN,32,-0.4,8,168,81,5,11,3,4,0,7,.136,.205,.272,.476,42,50,4.72,1.478,272,88,7,736.0,752,108,336,472,sosajo02
192,Eider Torres,2010-01-13,Colorado Rockies,CHW,27,-0.2,1,,,,,,,,,,,,,,,,,,,,,,,,,torreei01
193,Jason Waddell,2010-01-13,Detroit Tigers,DET,29,0.0,1,3,0,0,0,0,0,0,0,,,,,0,0,5.40,1.800,3,0,0,1.2,3,0,0,2,waddeja01
194,Jeff Bailey,2010-01-12,Arizona Diamondbacks,BOS,31,0.0,3,56,136,25,31,6,16,0,19,.228,.340,.434,.773,,,,,,,,,,,,,baileje01
195,Brian Bass,2010-01-12,Pittsburgh Pirates,BAL,28,0.0,2,7,1,0,0,0,0,0,0,.000,.000,.000,.000,9,7,4.87,1.588,97,4,1,175.2,204,23,75,99,bassbr01
196,Ramon Castro,2010-01-12,Chicago White Sox,CHW,34,1.1,11,507,1243,131,290,55,186,1,135,.233,.308,.415,.723,,,,,,,,,,,,,castrra01
197,JD Closser,2010-01-12,Los Angeles Dodgers,LAD,30,,5,,,,,,,,,,,,,,,,,,,,,,,,,clossjd01
198,Alvin Colina,2010-01-12,Tampa Bay Rays,ATL,28,,3,,,,,,,,,,,,,,,,,,,,,,,,,colinal01
199,Brad Nelson,2010-01-12,Seattle Mariners,SEA,27,-0.3,2,28,28,0,2,0,0,0,3,.071,.161,.143,.304,,,,,,,,,,,,,nelsobr02
200,Argenis Reyes,2010-01-12,Los Angeles Dodgers,NYM,27,-0.3,2,58,127,13,26,1,3,3,5,.205,.246,.228,.475,,,,,,,,,,,,,reyesar01
201,Ryan Church,2010-01-11,Pittsburgh Pirates,ATL,31,6.7,6,548,1675,226,456,51,242,20,172,.272,.345,.441,.787,,,,,,,,,,,,,churcry01
202,Shelley Duncan,2010-01-11,Cleveland Indians,NYY,30,0.0,3,68,146,24,32,8,24,0,15,.219,.290,.411,.701,,,,,,,,,,,,,duncash01
203,Andy Gonzalez,2010-01-11,Baltimore Orioles,FLA,28,-1.7,3,91,225,21,41,3,13,1,31,.182,.281,.258,.539,,,,,,,,,,,,,gonzaan01
204,Norris Hopper,2010-01-11,Milwaukee Brewers,WSN,31,1.1,3,,,,,,,,,,,,,,,,,,,,,,,,,hoppeno01
205,Austin Kearns,2010-01-11,Cleveland Indians,WSN,30,1.0,8,842,2879,425,737,105,422,27,385,.256,.353,.427,.780,,,,,,,,,,,,,kearnau01
206,Justin Lehr,2010-01-11,Cincinnati Reds,CIN,32,-0.1,4,51,25,1,2,0,1,0,1,.080,.115,.120,.235,9,6,5.34,1.551,77,11,0,148.1,163,23,67,84,lehrju01
207,Jailen Peguero,2010-01-11,Texas Rangers,TEX,29,-0.4,2,,,,,,,,,,,,,,,,,,,,,,,,,pegueja01
208,Adam Pettyjohn,2010-01-11,New York Mets,NYM,33,-0.5,8,,,,,,,,,,,,,,,,,,,,,,,,,pettyad01
209,Matthew Brown,2010-01-10,Texas Rangers,LAA,27,-0.5,2,,,,,,,,,,,,,,,,,,,,,,,,,brownma05
210,Matt Herges,2010-01-10,Kansas City Royals,COL,40,1.7,11,527,36,0,6,0,1,0,1,.167,.189,.167,.356,43,35,3.91,1.436,567,4,34,691.0,735,66,257,473,hergema01
211,Aubrey Huff,2010-01-10,San Francisco Giants,DET,33,2.7,10,1322,4936,654,1391,203,752,25,425,.282,.340,.472,.812,,,,,,,,,,,,,huffau01
212,Elizardo Ramirez,2010-01-10,Texas Rangers,TEX,27,-0.6,5,,,,,,,,,,,,,,,,,,,,,,,,,ramirel01
213,Vladimir Guerrero HOF,2010-01-09,Texas Rangers,LAA,35,7.8,14,1850,7000,1185,2249,407,1318,175,685,.321,.386,.568,.954,,,,,,,,,,,,,guerrvl01
214,Bryan LaHair,2010-01-09,Chicago Cubs,SEA,27,-0.4,1,45,136,15,34,3,10,0,13,.250,.315,.346,.661,,,,,,,,,,,,,lahaibr01
215,Jesus Delgado,2010-01-08,Cincinnati Reds,SEA,26,0.0,1,,,,,,,,,,,,,,,,,,,,,,,,,delgaje01
216,Brett Myers,2010-01-08,Houston Astros,PHI,29,1.7,8,233,346,17,42,0,10,0,19,.121,.167,.147,.315,73,63,4.40,1.357,240,183,21,1183.2,1193,178,413,986,myersbr01
217,Scott Podsednik,2010-01-08,Kansas City Royals,CHW,34,1.6,9,882,3168,481,876,35,249,266,287,.277,.340,.381,.720,,,,,,,,,,,,,podsesc01
218,Willie Collazo,2010-01-07,Toronto Blue Jays,FLA,30,0.0,2,,,,,,,,,,,,,,,,,,,,,,,,,collawi01
219,Jack Cust,2010-01-07,Oakland Athletics,OAK,31,7.0,8,491,1533,242,367,89,248,4,332,.239,.374,.455,.829,,,,,,,,,,,,,custja01
220,Lenny DiNardo,2010-01-07,Oakland Athletics,KCR,30,-1.1,6,6,5,0,1,0,0,0,0,.200,.200,.200,.400,10,18,5.36,1.677,94,34,0,257.0,316,26,115,132,dinarle01
221,Jorge Padilla,2010-01-07,Toronto Blue Jays,WSN,30,-0.6,1,29,25,3,3,0,0,0,1,.120,.154,.120,.274,,,,,,,,,,,,,padiljo01
222,Scott Patterson,2010-01-07,Boston Red Sox,OAK,31,0.1,1,,,,,,,,,,,,,,,,,,,,,,,,,pattesc01
223,Matt Capps,2010-01-06,Washington Nationals,PIT,26,2.7,5,262,4,1,1,0,0,0,1,.250,.400,.250,.650,19,19,3.61,1.178,271,0,67,271.2,270,32,50,208,cappsma01
224,Luke Carlin,2010-01-06,Pittsburgh Pirates,ARI,29,-0.1,2,46,112,15,17,1,7,0,13,.152,.246,.223,.469,,,,,,,,,,,,,carlilu01
225,Clay Condrey,2010-01-06,Minnesota Twins,PHI,34,1.2,6,173,25,2,3,0,0,0,0,.120,.120,.160,.280,18,12,4.10,1.470,179,9,4,250.1,281,25,87,143,condrcl01
226,Chad Cordero,2010-01-06,Seattle Mariners,SEA,28,1.4,6,293,5,0,0,0,0,0,0,.000,.000,.000,.000,20,14,2.78,1.198,305,0,128,320.2,267,39,117,292,cordech01
227,Sergio Mitre,2010-01-06,New York Yankees,NYY,29,0.0,6,75,78,5,11,0,2,0,3,.141,.173,.192,.365,13,26,5.56,1.557,90,61,0,362.1,443,44,121,220,mitrese01
228,Dane Sardinha,2010-01-06,Philadelphia Phillies,DET,31,-1.1,4,31,80,3,10,0,6,0,4,.125,.163,.163,.325,,,,,,,,,,,,,sardida01
229,Joe Thurston,2010-01-06,Atlanta Braves,STL,30,-0.2,6,183,333,34,75,1,27,4,35,.225,.306,.324,.630,,,,,,,,,,,,,thursjo01
230,Ehren Wassermann,2010-01-06,Philadelphia Phillies,CHW,29,0.1,2,,,,,,,,,,,,,,,,,,,,,,,,,wasseeh01
231,Chris Woodward,2010-01-06,Seattle Mariners,BOS,34,-1.4,10,640,1677,208,405,33,191,9,134,.242,.298,.369,.667,,,,,,,,,,,,,woodwch01
232,Josh Bard,2010-01-05,Seattle Mariners,WSN,32,-0.5,8,521,1585,148,411,34,199,1,160,.259,.326,.389,.715,,,,,,,,,,,,,bardjo01
233,Callix Crabbe,2010-01-05,Toronto Blue Jays,SEA,27,-0.5,1,,,,,,,,,,,,,,,,,,,,,,,,,crabbca01
234,Troy Glaus,2010-01-05,Atlanta Braves,STL,33,7.5,12,1409,4998,837,1276,304,879,56,791,.255,.359,.497,.856,,,,,,,,,,,,,glaustr01
235,Eric Hinske,2010-01-05,Atlanta Braves,NYY,32,1.5,8,996,3096,476,785,113,424,61,373,.254,.336,.438,.774,,,,,,,,,,,,,hinsker01
236,Matt Holliday,2010-01-05,St. Louis Cardinals,STL,30,17.1,6,854,3237,573,1030,152,592,80,323,.318,.387,.545,.933,,,,,,,,,,,,,hollima01
237,Royce Ring,2010-01-05,New York Yankees,STL,29,-1.1,4,87,0,0,0,0,0,0,0,,,,,3,3,4.93,1.553,94,0,0,65.2,62,5,40,53,ringro01
238,Zack Segovia,2010-01-05,New York Yankees,WSN,27,-0.4,2,9,2,0,0,0,0,0,0,.000,.000,.000,.000,1,1,8.22,1.696,9,1,0,15.1,19,2,7,6,segovza01
239,Adrián Beltré,2010-01-04,Boston Red Sox,SEA,31,12.6,12,1681,6285,828,1700,250,906,111,478,.270,.325,.453,.779,,,,,,,,,,,,,beltrad01
240,Osiris Matos,2010-01-04,San Francisco Giants,SFG,25,-0.5,2,25,3,0,1,0,1,0,0,.333,.333,.333,.667,1,2,5.74,1.763,25,0,0,26.2,37,5,10,21,matosos01
241,Miguel Olivo,2010-01-04,Colorado Rockies,KCR,31,1.5,8,754,2482,290,602,96,330,37,98,.243,.278,.423,.701,,,,,,,,,,,,,olivomi01
242,John Parrish,2010-01-04,Kansas City Royals,BAL,32,0.2,7,17,1,0,0,0,0,0,0,.000,.000,.000,.000,13,13,4.54,1.693,174,16,1,271.2,276,25,184,221,parrijo01
243,Brian Shouse,2010-01-04,Boston Red Sox,TBR,41,2.0,10,207,0,0,0,0,0,0,0,,,,,13,10,3.72,1.326,467,0,6,350.2,347,31,118,233,shousbr01
244,Juan Uribe,2010-01-04,San Francisco Giants,SFG,31,4.0,9,1108,3836,482,985,127,514,38,219,.257,.298,.430,.729,,,,,,,,,,,,,uribeju01
245,Santiago Casilla,2010-01-02,San Francisco Giants,OAK,29,0.1,6,7,0,0,0,0,0,0,0,,,,,6,4,5.11,1.578,152,0,4,160.1,173,20,80,138,garcija01
246,Guillermo Rodriguez,2010-00-00,San Francisco Giants,BAL,32,-0.1,2,46,92,11,22,1,15,0,12,.239,.324,.337,.661,,,,,,,,,,,,,rodrigu01
247,Danys Báez,2009-12-31,Philadelphia Phillies,BAL,32,0.2,8,76,4,1,1,0,0,0,0,.250,.250,.250,.500,35,49,4.04,1.314,453,26,114,613.1,554,60,252,459,baezda01
248,Brian Burres,2009-12-31,Pittsburgh Pirates,TOR,29,-0.9,4,2,2,0,1,0,1,0,0,.500,.500,.500,1.000,13,20,6.08,1.679,81,41,0,265.0,323,32,122,169,burrebr01
249,Neal Cotts,2009-12-31,Pittsburgh Pirates,CHC,30,0.2,7,89,2,0,1,0,0,0,0,.500,.500,1.000,1.500,10,12,4.63,1.467,284,5,1,256.1,245,38,131,235,cottsne01
250,Kelly Johnson,2009-12-30,Arizona Diamondbacks,ATL,28,6.1,4,490,1661,270,439,45,206,29,203,.264,.346,.430,.777,,,,,,,,,,,,,johnske05
251,Tyler Yates,2009-12-30,Pittsburgh Pirates,PIT,32,-1.4,5,232,12,0,1,0,0,0,0,.083,.083,.083,.167,12,17,5.12,1.565,239,7,4,248.0,253,26,135,222,yatesty01
252,Jason Bay,2009-12-29,New York Mets,BOS,31,9.4,7,922,3313,579,927,185,610,66,491,.280,.376,.519,.896,,,,,,,,,,,,,bayja01
253,Eric Bruntlett,2009-12-28,Washington Nationals,PHI,32,-0.9,7,512,789,115,182,11,72,31,76,.231,.303,.330,.633,,,,,,,,,,,,,brunter01
254,Mark DeRosa,2009-12-28,San Francisco Giants,STL,35,5.7,12,1032,3165,484,869,92,430,21,299,.275,.343,.424,.767,,,,,,,,,,,,,derosma01
255,Eddie Guardado,2009-12-28,Washington Nationals,TEX,39,0.8,17,77,1,0,0,0,0,0,0,.000,.000,.000,.000,46,61,4.31,1.315,908,25,187,944.2,894,138,348,798,guarded01
256,Kelvim Escobar,2009-12-26,New York Mets,LAA,34,5.1,12,21,27,1,3,0,1,0,0,.111,.111,.111,.222,101,91,4.15,1.375,411,202,59,1507.0,1461,137,611,1310,escobke01
257,Bob Howry,2009-12-26,Arizona Diamondbacks,SFG,36,2.4,12,312,5,0,1,0,0,0,0,.200,.200,.200,.400,44,49,3.66,1.228,731,0,66,752.2,684,85,240,639,howrybo01
258,Justin Duchscherer,2009-12-24,Oakland Athletics,OAK,32,3.7,7,10,6,0,0,0,0,0,0,.000,.000,.000,.000,31,24,3.14,1.123,219,27,14,426.2,370,44,109,329,duchsju01
259,Coco Crisp,2009-12-23,Oakland Athletics,KCR,30,6.0,8,832,3106,463,860,59,327,137,259,.277,.331,.407,.738,,,,,,,,,,,,,crispco01
260,Luke Montz,2009-12-23,New York Mets,WSN,26,0.0,1,10,21,2,3,1,3,0,5,.143,.308,.286,.593,,,,,,,,,,,,,montzlu01
261,Anthony Reyes,2009-12-23,Cleveland Indians,CLE,28,-0.5,5,56,57,2,5,0,1,0,1,.088,.103,.088,.191,13,26,5.12,1.377,67,52,1,293.1,285,44,119,205,reyesan01
262,Fernando Rodney,2009-12-23,Los Angeles Angels of Anaheim,DET,33,0.6,7,15,1,0,0,0,0,0,0,.000,.000,.000,.000,15,30,4.28,1.424,308,0,70,330.0,300,31,170,314,rodnefe01
263,Chris Schroder,2009-12-23,Florida Marlins,OAK,31,0.6,3,,,,,,,,,,,,,,,,,,,,,,,,,schroch01
264,Jack Taschner,2009-12-23,Pittsburgh Pirates,PHI,32,-0.3,5,191,2,0,0,0,0,0,0,.000,.000,.000,.000,9,5,5.00,1.642,202,0,0,169.1,185,16,93,143,taschja01
265,Brian Anderson,2009-12-22,Kansas City Royals,BOS,28,-0.3,5,355,799,108,181,22,80,13,65,.227,.290,.370,.660,,,,,,,,,,,,,anderbr03
266,Garrett Atkins,2009-12-22,Baltimore Orioles,COL,30,-1.1,7,773,2788,394,805,98,479,8,279,.289,.354,.457,.811,,,,,,,,,,,,,atkinga01
267,Josh Banks,2009-12-22,Houston Astros,SDP,27,-0.6,3,23,27,4,3,0,0,0,4,.111,.226,.111,.337,4,7,5.38,1.500,26,18,0,115.1,135,19,38,54,banksjo01
268,Kevin Cameron,2009-12-22,San Francisco Giants,OAK,30,0.5,3,57,5,0,0,0,0,0,0,.000,.000,.000,.000,2,0,3.02,1.483,69,0,1,86.1,80,1,48,70,camerke01
269,Reid Gorecki,2009-12-22,New York Yankees,ATL,29,-0.3,1,31,25,6,5,0,3,1,1,.200,.222,.200,.422,,,,,,,,,,,,,gorecre01
270,Josh Kroeger,2009-12-22,Chicago White Sox,CHW,27,,5,,,,,,,,,,,,,,,,,,,,,,,,,kroegjo01
271,Doug Mientkiewicz,2009-12-22,Los Angeles Dodgers,LAD,36,2.5,12,1087,3312,422,899,66,405,14,438,.271,.360,.405,.765,,,,,,,,,,,,,mientdo01
272,Eddie Rogers,2009-12-22,Arizona Diamondbacks,ARI,31,,7,,,,,,,,,,,,,,,,,,,,,,,,,rogered01
273,Josh Whitesell,2009-12-22,Washington Nationals,ARI,28,-0.5,2,53,115,8,23,2,15,0,25,.200,.352,.313,.665,,,,,,,,,,,,,whitejo03
274,Brian Barton,2009-12-21,Los Angeles Dodgers,ATL,28,0.5,2,83,153,23,41,2,13,3,19,.268,.354,.392,.746,,,,,,,,,,,,,bartobr01
275,Raul Chavez,2009-12-21,Toronto Blue Jays,TOR,37,1.5,11,263,680,48,157,7,65,4,31,.231,.266,.304,.570,,,,,,,,,,,,,chavera01
276,R.A. Dickey,2009-12-21,New York Mets,MIN,35,0.8,7,9,5,1,2,0,0,0,0,.400,.400,.400,.800,22,28,5.43,1.572,144,48,2,442.2,519,69,177,271,dicker.01
277,Jason Marquis,2009-12-21,Washington Nationals,COL,31,6.9,10,334,505,57,102,5,48,1,13,.202,.223,.295,.518,94,83,4.48,1.418,290,231,1,1485.0,1528,182,578,867,marquja01
278,Darren Oliver,2009-12-21,Texas Rangers,LAA,39,4.4,16,169,217,17,48,1,20,0,8,.221,.259,.286,.544,106,83,4.75,1.479,529,229,2,1697.1,1847,200,664,1058,oliveda02
279,Ryan Shealy,2009-12-21,Tampa Bay Rays,KCR,30,0.2,4,164,538,75,146,19,94,2,46,.271,.335,.429,.764,,,,,,,,,,,,,shealry01
280,Chris Denorfia,2009-12-18,San Diego Padres,OAK,29,0.3,4,100,208,33,58,3,19,4,23,.279,.356,.380,.736,,,,,,,,,,,,,denorch01
281,Phil Dumatrait,2009-12-18,Detroit Tigers,PIT,28,-2.1,3,40,27,0,1,0,1,0,0,.037,.037,.037,.074,3,10,7.06,1.815,42,17,0,109.2,134,17,65,68,dumatph01
282,Mike Gonzalez,2009-12-18,Baltimore Orioles,ATL,32,1.7,7,289,3,0,1,0,2,0,0,.333,.333,.667,1.000,14,16,2.57,1.219,302,0,54,280.2,213,22,129,330,gonzami02
283,Andy Green,2009-12-18,New York Mets,NYM,32,-0.1,4,140,230,33,46,2,12,2,26,.200,.282,.265,.547,,,,,,,,,,,,,greenan01
284,Eric Hacker,2009-12-18,San Francisco Giants,PIT,27,0.0,1,3,0,0,0,0,0,0,0,,,,,0,0,6.00,2.000,3,0,0,3.0,4,0,2,1,hackeer01
285,Nick Johnson,2009-12-18,New York Yankees,FLA,31,2.6,8,770,2539,409,693,89,379,27,487,.273,.402,.447,.849,,,,,,,,,,,,,johnsni01
286,Ryan Langerhans,2009-12-18,Seattle Mariners,SEA,30,-0.7,7,512,1079,152,250,27,115,6,155,.232,.332,.379,.711,,,,,,,,,,,,,langery01
287,Javier López,2009-12-18,Pittsburgh Pirates,BOS,32,2.4,7,173,8,1,1,0,1,0,0,.125,.125,.125,.250,11,7,4.62,1.494,343,0,4,243.2,251,16,113,152,lopezja02
288,Brian Myrow,2009-12-18,Pittsburgh Pirates,PIT,33,-0.2,4,,,,,,,,,,,,,,,,,,,,,,,,,myrowbr01
289,Chad Reineke,2009-12-18,Cincinnati Reds,OAK,28,-0.1,2,4,6,1,1,0,1,0,0,.167,.167,.167,.333,2,1,5.48,1.435,5,4,0,23.0,21,3,12,14,reinech01
290,Danny Richar,2009-12-18,Florida Marlins,CIN,27,-1.0,3,79,231,35,53,6,18,2,17,.229,.281,.381,.662,,,,,,,,,,,,,richada02
291,Juan Rincon,2009-12-18,Colorado Rockies,COL,31,-2.0,9,46,3,0,1,0,0,0,0,.333,.333,.333,.667,35,29,4.03,1.374,442,3,3,505.0,478,41,216,466,rincoju01
292,Joe Dillon,2009-12-17,Tampa Bay Rays,TBR,34,0.7,4,137,217,35,57,3,19,1,22,.263,.344,.378,.722,,,,,,,,,,,,,dillojo02
293,Chris Stewart,2009-12-17,San Diego Padres,NYY,28,-0.5,3,24,48,4,9,0,3,0,3,.188,.235,.229,.464,,,,,,,,,,,,,stewach01
294,Luis Ayala,2009-12-16,Los Angeles Dodgers,FLA,32,-1.0,6,342,14,0,4,0,0,0,0,.286,.286,.357,.643,29,39,3.67,1.289,377,0,18,390.1,411,40,92,255,ayalalu01
295,Jamey Carroll,2009-12-16,Los Angeles Dodgers,CLE,36,4.9,8,786,2171,369,593,12,174,41,243,.273,.351,.350,.701,,,,,,,,,,,,,carroja01
296,Matt DeSalvo,2009-12-16,Florida Marlins,FLA,29,-0.4,2,,,,,,,,,,,,,,,,,,,,,,,,,desalma01
297,Geoff Geary,2009-12-16,Texas Rangers,HOU,33,-0.2,7,271,17,2,2,0,1,0,1,.118,.167,.176,.343,16,10,3.92,1.386,287,0,1,351.1,364,34,123,230,gearyge01
298,Nick Gorneault,2009-12-16,Los Angeles Angels of Anaheim,TOR,31,0.0,2,,,,,,,,,,,,,,,,,,,,,,,,,gorneni01
299,Steve Holm,2009-12-16,San Francisco Giants,SFG,30,-0.2,2,53,91,11,24,1,6,0,12,.264,.364,.396,.760,,,,,,,,,,,,,holmst01
300,Mike Koplove,2009-12-16,Seattle Mariners,SEA,33,0.0,8,,,,,,,,,,,,,,,,,,,,,,,,,koplomi01
301,Rodrigo Lopez,2009-12-16,Arizona Diamondbacks,PHI,34,0.0,8,31,51,1,2,0,0,0,1,.039,.058,.039,.097,68,66,4.82,1.415,194,166,0,1046.2,1155,147,326,693,lopezro02
302,Mark DiFelice,2009-12-15,Milwaukee Brewers,MIL,33,0.9,2,68,1,0,0,0,0,0,0,.000,.000,.000,.000,5,1,3.44,1.203,74,0,0,70.2,66,10,19,68,difelma01
303,Eliezer Alfonzo,2009-12-14,Seattle Mariners,SDP,31,-0.6,4,155,475,38,113,15,54,1,14,.238,.270,.392,.662,,,,,,,,,,,,,alfonel01
304,Greg Aquino,2009-12-14,Chicago White Sox,CLE,32,-0.6,6,125,2,0,0,0,0,0,0,.000,.000,.000,.000,3,6,5.31,1.620,145,0,17,154.1,163,23,87,143,aquingr01
305,Lance Broadway,2009-12-14,Toronto Blue Jays,NYM,26,0.3,3,8,0,0,0,0,0,0,0,,,,,2,2,5.24,1.600,27,2,0,55.0,63,4,25,39,broadla01
306,Mike Cameron,2009-12-14,Boston Red Sox,MIL,37,9.4,15,1829,6440,1013,1610,265,926,296,825,.250,.340,.448,.788,,,,,,,,,,,,,camermi01
307,Craig Counsell,2009-12-14,Milwaukee Brewers,MIL,39,4.6,14,1415,4380,612,1129,39,360,100,548,.258,.345,.350,.694,,,,,,,,,,,,,counscr01
308,Clay Hensley,2009-12-14,Florida Marlins,FLA,30,-1.5,4,105,70,2,8,0,4,1,3,.114,.151,.143,.294,15,18,4.09,1.406,106,40,0,323.2,305,22,150,206,henslcl01
309,John Lackey,2009-12-14,Boston Red Sox,LAA,31,11.5,8,15,30,1,1,0,1,0,0,.033,.033,.033,.067,102,71,3.81,1.306,234,233,0,1501.0,1519,151,441,1201,lackejo01
310,Kevin Mahar,2009-12-14,Philadelphia Phillies,PHI,29,-0.3,2,,,,,,,,,,,,,,,,,,,,,,,,,maharke01
311,Hideki Matsui,2009-12-14,Los Angeles Angels of Anaheim,NYY,36,7.9,7,916,3348,536,977,140,597,12,416,.292,.370,.482,.852,,,,,,,,,,,,,matsuhi01
312,Jason Michaels,2009-12-14,Houston Astros,HOU,34,-1.0,9,836,1990,299,535,49,263,21,220,.269,.343,.411,.754,,,,,,,,,,,,,michaja01
313,David Pauley,2009-12-14,Seattle Mariners,BAL,27,-0.6,2,0,0,0,0,0,0,0,0,,,,,0,3,9.53,2.294,9,5,0,28.1,54,3,11,21,pauleda01
314,Joel Peralta,2009-12-14,Washington Nationals,COL,34,0.6,5,38,1,1,1,0,2,0,0,1.000,1.000,2.000,3.000,4,11,4.61,1.295,221,0,2,273.1,278,43,76,213,peraljo01
315,Jeremy Powell,2009-12-14,Pittsburgh Pirates,PIT,34,,11,,,,,,,,,,,,,,,,,,,,,,,,,powelje01
316,Cody Ransom,2009-12-14,Philadelphia Phillies,NYY,34,0.1,7,197,262,52,61,7,34,4,30,.233,.321,.401,.722,,,,,,,,,,,,,ransoco01
317,Chris Richard,2009-12-14,Tampa Bay Rays,TBR,36,-0.5,5,280,899,132,229,34,122,18,81,.255,.323,.445,.768,,,,,,,,,,,,,richach01
318,Claudio Vargas,2009-12-14,Milwaukee Brewers,MIL,32,1.8,7,188,185,5,15,0,7,0,3,.081,.096,.103,.198,47,40,4.76,1.419,200,114,1,745.0,773,124,284,526,vargacl01
319,John Buck,2009-12-13,Toronto Blue Jays,KCR,29,0.8,6,584,1913,218,450,70,259,4,151,.235,.298,.407,.705,,,,,,,,,,,,,buckjo01
320,Bruce Chen,2009-12-13,Kansas City Royals,KCR,33,0.0,11,150,116,4,16,0,3,0,3,.138,.160,.147,.306,36,43,4.71,1.405,259,121,0,869.1,882,166,339,687,chenbr01
321,Scott Olsen,2009-12-13,Washington Nationals,WSN,26,0.0,5,111,189,8,30,0,15,0,7,.159,.189,.185,.374,33,41,4.77,1.478,113,112,0,642.0,685,98,264,475,olsensc01
322,Vance Wilson,2009-12-13,Kansas City Royals,KCR,37,,10,,,,,,,,,,,,,,,,,,,,,,,,,wilsova01
323,Devon Lowery,2009-12-12,Kansas City Royals,KCR,27,-0.1,1,,,,,,,,,,,,,,,,,,,,,,,,,lowerde01
324,Brandon Lyon,2009-12-12,Houston Astros,DET,30,4.1,8,236,0,1,0,0,0,0,1,,1.000,,,27,34,4.20,1.371,374,21,54,494.2,527,55,151,319,lyonbr01
325,Marcus McBeth,2009-12-12,Oakland Athletics,BOS,29,-0.1,2,,,,,,,,,,,,,,,,,,,,,,,,,mcbetma01
326,Nate Bump,2009-12-11,Philadelphia Phillies,DET,33,,6,,,,,,,,,,,,,,,,,,,,,,,,,bumpna01
327,Marlon Byrd,2009-12-11,Chicago Cubs,TEX,32,8.9,8,785,2666,380,744,60,335,41,215,.279,.340,.422,.762,,,,,,,,,,,,,byrdma01
328,Shane Costa,2009-12-11,Kansas City Royals,KCR,28,-0.2,4,,,,,,,,,,,,,,,,,,,,,,,,,costash01
329,Melvin Dorta,2009-12-11,Philadelphia Phillies,BAL,28,,3,,,,,,,,,,,,,,,,,,,,,,,,,dortame01
330,John Ennis,2009-12-11,Philadelphia Phillies,PHI,30,-0.2,7,,,,,,,,,,,,,,,,,,,,,,,,,ennisjo01
331,Matt Ginter,2009-12-11,Houston Astros,MIL,32,0.1,9,,,,,,,,,,,,,,,,,,,,,,,,,gintema01
332,Paul Hoover,2009-12-11,Philadelphia Phillies,PHI,34,0.0,6,31,78,4,20,0,6,0,2,.256,.275,.269,.544,,,,,,,,,,,,,hoovepa01
333,Philip Humber,2009-12-11,Kansas City Royals,MIN,27,-0.3,4,5,1,0,0,0,0,0,0,.000,.000,.000,.000,0,0,6.07,1.820,18,1,0,29.2,37,6,17,19,humbeph01
334,Jason Kendall,2009-12-11,Kansas City Royals,MIL,36,4.3,14,1967,7193,991,2084,75,707,177,684,.290,.369,.383,.752,,,,,,,,,,,,,kendaja01
335,Donnie Murphy,2009-12-11,Florida Marlins,BAL,27,-0.5,4,127,325,36,62,10,45,4,30,.191,.265,.342,.607,,,,,,,,,,,,,murphdo01
336,Laynce Nix,2009-12-11,Cincinnati Reds,CIN,29,0.7,7,386,1184,157,280,44,164,6,64,.236,.277,.421,.697,,,,,,,,,,,,,nixla01
337,J.J. Putz,2009-12-11,Chicago White Sox,NYM,33,4.2,7,43,0,0,0,0,0,0,0,,,,,23,19,3.24,1.198,337,0,103,352.1,299,33,123,356,putzjj01
338,Rafael Soriano,2009-12-11,Tampa Bay Rays,ATL,30,3.5,8,165,4,0,0,0,0,0,0,.000,.000,.000,.000,8,18,2.92,1.037,278,8,43,332.2,241,35,104,365,soriara01
339,Scott Strickland,2009-12-11,Florida Marlins,LAD,34,,6,228,6,0,0,0,0,0,0,.000,.000,.000,.000,12,21,3.34,1.300,236,0,20,240.0,201,25,111,243,stricsc02
340,Jon Switzer,2009-12-11,Houston Astros,NYM,30,-0.4,5,5,0,0,0,0,0,0,0,,,,,2,4,6.20,1.794,72,0,0,69.2,87,10,38,46,switzjo01
341,Erick Threets,2009-12-11,Chicago White Sox,LAD,28,0.0,2,10,0,0,0,0,0,0,0,,,,,0,1,6.57,2.270,10,0,0,12.1,16,1,12,7,threeer01
342,Chris Waters,2009-12-11,Milwaukee Brewers,BAL,29,0.5,2,0,0,0,0,0,0,0,0,,,,,4,5,5.07,1.480,16,12,0,76.1,79,12,34,38,waterch01
343,Jake Woods,2009-12-11,Philadelphia Phillies,PHI,28,-0.2,4,,,,,,,,,,,,,,,,,,,,,,,,,woodsja01
344,Cedrick Bowers,2009-12-10,Oakland Athletics,PHI,32,-0.3,1,5,0,1,0,0,0,0,1,,1.000,,,0,0,13.50,2.400,5,0,0,6.2,11,2,5,5,bowerce01
345,Vinnie Chulk,2009-12-10,Pittsburgh Pirates,CLE,31,1.0,7,119,4,0,1,0,0,0,0,.250,.250,.250,.500,7,15,4.33,1.386,252,0,2,276.1,275,31,108,189,chulkvi01
346,Chris Duffy,2009-12-10,Philadelphia Phillies,MIL,30,0.4,4,212,713,102,187,6,52,41,51,.262,.323,.352,.675,,,,,,,,,,,,,duffych01
347,Pedro Feliz,2009-12-10,Houston Astros,PHI,35,4.0,10,1165,3845,451,976,135,558,12,217,.254,.293,.422,.715,,,,,,,,,,,,,felizpe01
348,Rich Harden,2009-12-10,Texas Rangers,CHC,28,8.4,7,43,75,4,11,0,1,0,1,.147,.158,.160,.318,50,29,3.39,1.237,135,127,0,753.2,603,70,329,783,harderi01
349,Macay McBride,2009-12-10,Detroit Tigers,DET,27,-0.2,4,,,,,,,,,,,,,,,,,,,,,,,,,mcbrima01
350,Brian Barden,2009-12-09,Florida Marlins,STL,29,0.0,3,84,147,19,32,4,11,0,8,.218,.266,.327,.592,,,,,,,,,,,,,bardebr01
351,Brian Buscher,2009-12-09,Cleveland Indians,MIN,29,0.5,3,164,436,51,116,8,69,1,53,.266,.343,.356,.699,,,,,,,,,,,,,buschbr01
352,Bobby Crosby,2009-12-09,Pittsburgh Pirates,OAK,30,0.3,7,677,2391,320,568,61,263,34,224,.238,.305,.378,.683,,,,,,,,,,,,,crosbbo01
353,Elmer Dessens,2009-12-09,New York Mets,NYM,39,-1.0,13,342,240,14,39,0,16,0,22,.163,.233,.188,.420,48,62,4.53,1.411,388,140,5,1127.1,1259,141,332,677,desseel01
354,Robinzon Diaz,2009-12-09,Detroit Tigers,PIT,26,0.5,2,44,139,9,39,1,20,1,3,.281,.306,.353,.659,,,,,,,,,,,,,diazro01
355,LaTroy Hawkins,2009-12-09,Milwaukee Brewers,HOU,37,4.0,15,311,6,0,0,0,0,0,0,.000,.000,.000,.000,60,81,4.51,1.437,753,98,87,1197.1,1324,142,397,793,hawkila01
356,A.J. Murray,2009-12-09,Milwaukee Brewers,TEX,28,0.3,2,,,,,,,,,,,,,,,,,,,,,,,,,murraaj01
357,Oswaldo Navarro,2009-12-09,Houston Astros,SEA,25,,1,4,3,0,2,0,0,0,0,.667,.667,.667,1.333,,,,,,,,,,,,,navaros01
358,Josh Wilson,2009-12-09,Seattle Mariners,SEA,29,-1.9,3,188,484,49,110,5,37,7,29,.227,.283,.331,.614,0,1,9.00,2.333,3,0,0,3.0,4,1,3,0,wilsojo03
359,Randy Wolf,2009-12-09,Milwaukee Brewers,LAD,33,6.5,11,276,509,46,92,5,49,1,31,.181,.227,.261,.488,101,85,4.13,1.315,279,275,0,1682.1,1608,212,605,1387,wolfra02
360,Winston Abreu,2009-12-08,Tampa Bay Rays,TBR,33,-0.6,3,25,2,0,0,0,0,0,0,.000,.000,.000,.000,0,1,7.31,1.714,38,0,0,44.1,57,10,19,38,abreuwi01
361,Tim Corcoran,2009-12-08,Los Angeles Dodgers,LAD,32,-0.2,4,,,,,,,,,,,,,,,,,,,,,,,,,corcoti02
362,Chone Figgins,2009-12-08,Seattle Mariners,LAA,32,13.4,8,936,3585,596,1045,31,341,280,412,.291,.363,.388,.751,,,,,,,,,,,,,figgich01
363,Ross Gload,2009-12-08,Philadelphia Phillies,FLA,34,0.8,8,608,1432,176,405,28,192,11,96,.283,.328,.408,.736,0,0,0.00,2.000,1,0,0,1.0,0,0,2,0,gloadro01
364,Carlos Hernández,2009-12-08,Tampa Bay Rays,TBR,30,,8,,,,,,,,,,,,,,,,,,,,,,,,,hernaca03
365,Justin Miller,2009-12-08,Los Angeles Dodgers,SFG,32,1.8,6,144,8,0,0,0,0,0,0,.000,.000,.000,.000,24,14,4.84,1.520,197,33,0,351.1,355,45,179,270,milleju01
366,Andy Pettitte,2009-12-08,New York Yankees,NYY,38,9.2,15,102,186,6,25,1,13,0,6,.134,.161,.183,.343,229,135,3.91,1.361,468,458,0,2926.1,3062,250,921,2150,pettian01
367,Ryan Speier,2009-12-08,Washington Nationals,COL,30,1.1,4,85,5,0,0,0,0,0,0,.000,.000,.000,.000,7,3,3.99,1.470,90,0,0,99.1,104,4,42,58,speiery01
368,Josh Towers,2009-12-08,Los Angeles Dodgers,NYY,33,-0.8,8,10,16,1,1,0,0,0,0,.063,.063,.063,.125,45,55,4.95,1.381,139,112,1,731.1,887,122,123,389,towerjo01
369,Rafael Betancourt,2009-12-07,Colorado Rockies,COL,35,5.3,7,50,1,0,0,0,0,0,0,.000,.000,.000,.000,26,23,3.16,1.123,403,0,18,435.1,376,43,113,438,betanra01
370,Fabio Castro,2009-12-07,Boston Red Sox,TOR,25,0.0,3,,,,,,,,,,,,,,,,,,,,,,,,,castrfa01
371,Gustavo Chacin,2009-12-07,Houston Astros,PHI,29,-0.1,4,3,7,1,0,0,0,0,0,.000,.000,.000,.000,25,15,4.18,1.381,58,58,0,331.2,340,45,118,185,chacigu01
372,Adam Everett,2009-12-07,Detroit Tigers,DET,33,2.0,9,815,2617,319,640,40,278,64,165,.245,.297,.351,.648,,,,,,,,,,,,,everead01
373,Gary Majewski,2009-12-07,Houston Astros,PHI,30,-1.5,5,216,14,0,0,0,0,0,0,.000,.000,.000,.000,9,13,4.61,1.581,229,0,2,240.1,291,18,89,142,majewga01
374,Carl Pavano,2009-12-07,Minnesota Twins,MIN,34,1.0,11,165,297,14,41,2,14,0,4,.138,.152,.199,.351,80,78,4.44,1.358,226,208,0,1282.2,1402,144,340,839,pavanca01
375,Brad Penny,2009-12-07,St. Louis Cardinals,SFG,32,7.1,10,247,499,25,78,2,30,0,3,.156,.166,.208,.375,105,84,4.14,1.344,279,275,0,1633.2,1669,159,526,1141,pennybr01
376,Ivan Rodriguez HOF,2009-12-07,Washington Nationals,TEX,38,3.1,19,2388,9070,1308,2711,305,1264,125,487,.299,.336,.471,.807,,,,,,,,,,,,,rodriiv01
377,Chris Seddon,2009-12-06,Seattle Mariners,SEA,26,-0.7,1,7,3,0,0,0,0,0,0,.000,.000,.000,.000,0,2,8.83,1.962,7,4,0,17.1,29,2,5,10,seddoch01
378,Henry Blanco,2009-12-04,New York Mets,SDP,38,-0.1,12,813,2333,235,531,58,257,4,214,.228,.292,.366,.658,,,,,,,,,,,,,blanche01
379,Chris Burke,2009-12-04,Cincinnati Reds,ATL,30,-2.2,6,477,1267,176,303,23,111,40,113,.239,.315,.359,.674,,,,,,,,,,,,,burkech01
380,Fernando Cabrera,2009-12-04,Boston Red Sox,BOS,28,-0.8,6,5,0,0,0,0,0,0,0,,,,,8,7,5.12,1.523,131,0,1,174.0,169,31,96,193,cabrefe01
381,Enrique Gonzalez,2009-12-04,Detroit Tigers,BOS,27,-0.2,4,27,32,3,9,0,3,0,0,.281,.281,.313,.594,4,7,5.93,1.439,29,18,0,115.1,127,15,39,68,gonzaen01
382,Mike Gosling,2009-12-04,Cleveland Indians,CLE,29,-0.1,5,43,17,0,0,0,0,0,1,.000,.056,.000,.056,3,4,4.85,1.803,58,9,0,117.0,139,18,72,74,goslimi01
383,Trent Oeltjen,2009-12-04,Milwaukee Brewers,ARI,27,0.3,1,24,70,11,17,3,4,3,1,.243,.250,.457,.707,,,,,,,,,,,,,oeltjtr01
384,Juan Perez,2009-12-04,Los Angeles Dodgers,ATL,31,0.0,2,24,0,0,0,0,0,0,0,,,,,0,1,5.17,1.787,24,0,0,15.2,19,3,9,13,perezju01
385,Prentice Redman,2009-12-04,Los Angeles Dodgers,SEA,30,,6,,,,,,,,,,,,,,,,,,,,,,,,,redmapr01
386,Marco Scutaro,2009-12-04,Boston Red Sox,TOR,34,11.0,8,840,2741,387,727,50,294,35,297,.265,.337,.384,.721,,,,,,,,,,,,,scutama01
387,Gregg Zaun,2009-12-04,Milwaukee Brewers,TBR,39,4.3,15,1204,3387,426,851,86,432,23,468,.251,.344,.388,.732,,,,,,,,,,,,,zaungr01
388,Russ Adams,2009-12-03,New York Mets,SDP,29,-0.4,5,286,884,125,218,17,113,15,85,.247,.313,.372,.685,,,,,,,,,,,,,adamsru01
389,Cory Aldridge,2009-12-03,Los Angeles Angels of Anaheim,KCR,31,,1,8,5,1,0,0,0,0,0,.000,.000,.000,.000,,,,,,,,,,,,,aldrico01
390,T.J. Beam,2009-12-03,Arizona Diamondbacks,TOR,29,0.4,3,,,,,,,,,,,,,,,,,,,,,,,,,beamtj01
391,Fernando Hernandez,2009-12-03,Oakland Athletics,CHW,25,-0.3,1,,,,,,,,,,,,,,,,,,,,,,,,,hernafe03
392,Mike Hessman,2009-12-03,New York Mets,DET,32,0.5,4,77,168,23,35,13,27,0,13,.208,.276,.476,.752,,,,,,,,,,,,,hessmmi01
393,Placido Polanco,2009-12-03,Philadelphia Phillies,DET,34,13.0,12,1465,5511,826,1671,90,579,71,314,.303,.348,.414,.761,,,,,,,,,,,,,polanpl01
394,Takashi Saito,2009-12-03,Atlanta Braves,BOS,40,6.5,4,177,1,0,0,0,0,0,0,.000,.000,.000,.000,15,10,2.05,1.011,236,0,83,245.1,171,15,77,297,saitota01
395,Bobby Scales,2009-12-03,Chicago Cubs,CHC,32,-0.2,1,51,124,15,30,3,15,0,11,.242,.312,.411,.723,,,,,,,,,,,,,scalebo01
396,Levale Speigner,2009-12-03,Seattle Mariners,FLA,29,-1.7,2,,,,,,,,,,,,,,,,,,,,,,,,,speigle01
397,Travis Chick,2009-12-02,Los Angeles Angels of Anaheim,LAD,26,,3,,,,,,,,,,,,,,,,,,,,,,,,,chicktr01
398,Drew Macias,2009-12-02,Arizona Diamondbacks,SDP,27,-0.1,3,69,96,11,19,3,12,0,15,.198,.307,.354,.661,,,,,,,,,,,,,maciadr01
399,Chris Shelton,2009-12-02,Houston Astros,SEA,30,0.2,5,299,930,132,254,37,124,2,96,.273,.345,.457,.802,,,,,,,,,,,,,sheltch01
400,Alfredo Simon,2009-12-02,Baltimore Orioles,BAL,29,-0.4,2,0,0,0,0,0,0,0,0,,,,,0,1,7.45,1.448,6,3,0,19.1,24,9,4,11,simonal01
401,Billy Wagner,2009-12-02,Atlanta Braves,BOS,38,3.1,15,740,20,1,2,0,1,0,1,.100,.143,.100,.243,40,38,2.39,1.009,782,0,385,833.2,563,77,278,1092,wagnebi02
402,Ryan Sadowski,2009-12-01,Houston Astros,SFG,27,0.2,1,6,10,0,1,0,0,0,0,.100,.100,.100,.200,2,4,4.45,1.588,6,6,0,28.1,28,2,17,17,sadowry01
403,Brian Schneider,2009-12-01,Philadelphia Phillies,NYM,33,0.3,10,926,2826,247,709,59,356,4,296,.251,.323,.374,.697,,,,,,,,,,,,,schnebr01
404,Joe Borchard,2009-11-30,San Francisco Giants,SFG,31,-0.3,7,,,,,,,,,,,,,,,,,,,,,,,,,borchjo01
405,Bryan Bullington,2009-11-30,Kansas City Royals,TOR,29,0.1,4,6,3,1,1,0,0,0,0,.333,.333,.333,.667,0,5,5.08,1.564,13,5,0,39.0,47,7,14,25,bullibr01
406,Mike Cervenak,2009-11-30,New York Mets,PHI,33,-0.1,1,,,,,,,,,,,,,,,,,,,,,,,,,cervemi01
407,Brent Clevlen,2009-11-30,Atlanta Braves,DET,26,-0.4,3,55,73,15,17,3,7,0,5,.233,.282,.425,.707,,,,,,,,,,,,,clevlbr01
408,Alex Cora,2009-11-30,New York Mets,NYM,34,2.0,12,1116,3076,334,756,35,260,41,226,.246,.313,.344,.658,,,,,,,,,,,,,coraal01
409,Ruben Gotay,2009-11-30,St. Louis Cardinals,ARI,27,0.1,5,,,,,,,,,,,,,,,,,,,,,,,,,gotayru01
410,Jason LaRue,2009-11-30,St. Louis Cardinals,STL,36,-0.3,11,893,2663,304,617,94,343,14,232,.232,.316,.398,.714,,,,,,,,,,,,,larueja01
411,Hector Luna,2009-11-30,Florida Marlins,LAD,30,-0.1,5,284,703,97,190,11,82,23,51,.270,.324,.388,.713,,,,,,,,,,,,,lunahe01
412,Jerry Owens,2009-11-30,Washington Nationals,SEA,29,0.7,4,129,393,49,103,1,18,36,30,.262,.319,.305,.625,,,,,,,,,,,,,owensje01
413,Tony Pena,2009-11-30,San Francisco Giants,KCR,29,-1.1,4,327,829,95,189,4,66,8,20,.228,.248,.300,.548,,,,,,,,,,,,,penato02
414,Kyle Phillips,2009-11-30,Toronto Blue Jays,TOR,26,-0.1,1,5,18,1,5,0,2,0,0,.278,.278,.444,.722,,,,,,,,,,,,,phillky01
415,Freddie Bynum,2009-11-28,Chicago White Sox,WSN,30,-0.8,4,,,,,,,,,,,,,,,,,,,,,,,,,bynumfr01
416,Chris Capuano,2009-11-28,Milwaukee Brewers,MIL,31,0.5,5,121,218,10,35,1,17,0,7,.161,.189,.202,.391,42,48,4.39,1.362,124,116,0,711.2,729,101,240,585,capuach01
417,Jason Grilli,2009-11-28,Cleveland Indians,TEX,33,1.7,8,81,14,1,3,1,3,0,0,.214,.214,.429,.643,18,18,4.74,1.478,238,16,2,356.2,366,35,161,262,grillja01
418,Carlos Corporán,2009-11-27,Arizona Diamondbacks,MIL,26,0.0,1,1,1,1,1,0,0,0,0,1.000,1.000,1.000,2.000,,,,,,,,,,,,,corpoca01
419,Josh Rupe,2009-11-27,Kansas City Royals,TEX,27,-0.1,4,5,0,0,0,0,0,0,0,,,,,4,2,4.95,1.575,70,1,0,132.2,145,12,64,75,rupejo01
420,Alex Gonzalez,2009-11-26,Toronto Blue Jays,BOS,33,1.2,11,1229,4393,508,1087,114,521,26,236,.247,.294,.395,.689,,,,,,,,,,,,,gonzaal02
421,John Halama,2009-11-25,Milwaukee Brewers,ATL,38,,11,,,,,,,,,,,,,,,,,,,,,,,,,halamjo01
422,Mike Hinckley,2009-11-25,Baltimore Orioles,TEX,27,0.9,2,28,1,0,0,0,0,0,0,.000,.000,.000,.000,0,0,1.93,1.286,28,0,0,23.1,16,1,14,12,hinckmi01
423,Andruw Jones,2009-11-25,Chicago White Sox,TEX,33,1.7,14,1918,6898,1109,1776,388,1174,143,789,.257,.338,.488,.826,,,,,,,,,,,,,jonesan01
424,John McDonald,2009-11-25,Toronto Blue Jays,TOR,35,2.3,11,737,1713,200,408,13,134,29,75,.238,.276,.317,.593,,,,,,,,,,,,,mcdonjo03
425,Edwin Moreno,2009-11-25,Boston Red Sox,SDP,29,-0.1,1,17,0,0,0,0,0,0,0,,,,,1,3,4.84,1.925,19,0,0,22.1,28,3,15,15,morened01
426,Angel Sanchez,2009-11-25,Boston Red Sox,TOR,26,,1,8,27,2,6,0,1,0,0,.222,.214,.222,.437,,,,,,,,,,,,,sanchan02
427,Edwin Bellorin,2009-11-24,Kansas City Royals,COL,28,-0.2,3,8,13,1,3,0,0,0,1,.231,.286,.231,.516,,,,,,,,,,,,,belloed01
428,Juan Castro,2009-11-24,Philadelphia Phillies,LAD,38,-2.0,15,1041,2484,244,572,36,220,5,140,.230,.270,.332,.601,,,,,,,,,,,,,castrju01
429,Bob McCrory,2009-11-24,Boston Red Sox,BAL,28,-1.5,2,1,0,0,0,0,0,0,0,,,,,0,0,16.46,3.293,15,0,0,13.2,27,3,18,9,mccrobo01
430,Darnell McDonald,2009-11-24,Boston Red Sox,CIN,31,-0.5,3,68,147,15,34,2,11,2,8,.231,.276,.333,.609,,,,,,,,,,,,,mcdonda02
431,Vinny Rottino,2009-11-24,Florida Marlins,LAD,30,-0.1,3,18,24,1,5,0,4,1,1,.208,.240,.292,.532,,,,,,,,,,,,,rottivi01
432,Ramon Nivar,2009-11-23,Los Angeles Dodgers,LAD,30,,6,,,,,,,,,,,,,,,,,,,,,,,,,nivarra01
433,Gil Velazquez,2009-11-23,Boston Red Sox,BOS,30,-0.4,2,9,10,0,1,0,1,0,0,.100,.182,.100,.282,,,,,,,,,,,,,velazgi01
434,Omar Vizquel,2009-11-23,Chicago White Sox,TEX,43,1.1,21,2742,9922,1378,2704,78,906,389,978,.273,.338,.355,.693,,,,,,,,,,,,,vizquom01
435,Dallas McPherson,2009-11-22,Oakland Athletics,SFG,29,0.1,4,128,371,53,91,18,45,5,27,.245,.298,.458,.756,,,,,,,,,,,,,mcpheda01
436,Casey Daigle,2009-11-21,Houston Astros,HOU,29,,2,21,18,2,2,0,0,0,0,.111,.111,.222,.333,2,3,6.46,1.793,20,10,0,61.1,77,10,33,24,daiglca01
437,Hector Gimenez,2009-11-21,Pittsburgh Pirates,PIT,27,,1,2,2,0,0,0,0,0,0,.000,.000,.000,.000,,,,,,,,,,,,,gimenhe01
438,Andy Van Hekken,2009-11-21,Houston Astros,HOU,30,,7,,,,,,,,,,,,,,,,,,,,,,,,,vanhean01
439,Jason Anderson,2009-11-20,Philadelphia Phillies,PHI,31,,6,,,,,,,,,,,,,,,,,,,,,,,,,anderja01
440,Paul Phillips,2009-11-20,Colorado Rockies,COL,33,0.2,6,79,198,23,53,3,25,0,9,.268,.300,.374,.674,,,,,,,,,,,,,phillpa01
441,Davis Romero,2009-11-20,Toronto Blue Jays,TOR,27,,3,,,,,,,,,,,,,,,,,,,,,,,,,romerda01
442,Steven Shell,2009-11-20,Seattle Mariners,SEA,27,1.4,2,43,4,0,0,0,0,0,0,.000,.000,.000,.000,2,2,2.45,1.109,43,0,2,55.0,39,6,22,46,shellst01
443,Brad Thompson,2009-11-20,Kansas City Royals,STL,28,-0.5,5,178,56,3,10,0,2,1,2,.179,.207,.179,.385,21,17,4.36,1.387,185,32,1,385.2,418,45,117,180,thompbr01
444,Rich Thompson,2009-11-20,Philadelphia Phillies,PHI,31,,1,6,1,1,0,0,0,1,0,.000,.000,.000,.000,,,,,,,,,,,,,thompri02
445,Wilson Valdez,2009-11-20,Philadelphia Phillies,NYM,32,0.8,4,152,342,40,76,1,27,4,22,.222,.272,.292,.565,,,,,,,,,,,,,valdewi01
446,Ross Wolf,2009-11-20,Baltimore Orioles,BAL,27,-0.7,1,14,1,0,0,0,0,0,0,.000,.000,.000,.000,0,1,11.68,2.189,14,0,0,12.1,24,4,3,6,wolfro01
447,John Grabow,2009-11-19,Chicago Cubs,CHC,31,3.2,7,401,5,0,0,0,0,0,0,.000,.000,.000,.000,20,15,4.03,1.437,420,0,6,388.1,379,41,179,342,grabojo02
448,Mitch Jones,2009-11-19,Atlanta Braves,LAD,32,0.2,1,8,13,1,4,0,0,0,0,.308,.400,.385,.785,,,,,,,,,,,,,jonesmi03
449,Drew Meyer,2009-11-19,Houston Astros,HOU,28,,3,,,,,,,,,,,,,,,,,,,,,,,,,meyerdr01
450,Dewayne Wise,2009-11-19,Philadelphia Phillies,CHW,32,1.1,7,324,610,82,132,17,61,25,26,.216,.255,.380,.636,,,,,,,,,,,,,wisede01
451,Andy Tracy,2009-11-18,Philadelphia Phillies,PHI,36,0.2,5,149,277,35,64,13,43,1,30,.231,.306,.422,.728,,,,,,,,,,,,,tracyan01
452,Jamie Burke,2009-11-17,Washington Nationals,WSN,38,-0.1,7,190,390,53,108,3,39,0,25,.277,.328,.351,.679,,,,,,,,,,,,,burkeja02
453,Jorge Campillo,2009-11-17,Kansas City Royals,ATL,31,1.5,5,43,45,4,8,0,2,0,1,.178,.196,.200,.396,9,7,4.23,1.306,52,26,0,180.2,188,20,48,121,campijo01
454,R.J. Swindle,2009-11-16,Tampa Bay Rays,CLE,26,-0.6,2,7,2,0,0,0,1,0,0,.000,.000,.000,.000,0,0,12.71,2.382,9,0,0,11.1,21,5,6,12,swindrj01
455,Wilson Betemit,2009-11-13,Kansas City Royals,CHW,28,-0.5,7,516,1143,147,295,42,154,5,113,.258,.324,.432,.756,,,,,,,,,,,,,betemwi01
456,Wil Ledezma,2009-11-13,Pittsburgh Pirates,TOR,29,-1.1,7,62,12,2,0,0,0,0,1,.000,.077,.000,.077,15,22,5.17,1.584,160,40,0,370.2,404,42,183,255,ledezwi01
457,Michel Hernandez,2009-11-10,Baltimore Orioles,TBR,31,-0.2,3,45,118,14,28,1,12,2,8,.237,.286,.305,.591,,,,,,,,,,,,,hernami01
458,Corky Miller,2009-11-09,Cincinnati Reds,CIN,34,-0.1,9,167,430,36,77,9,50,1,42,.179,.268,.284,.552,,,,,,,,,,,,,milleco01
459,Scott Proctor,2009-11-04,Atlanta Braves,FLA,33,0.1,5,81,3,0,0,0,0,0,0,.000,.000,.000,.000,16,10,4.42,1.397,262,1,1,297.0,283,46,132,256,proctsc01
460,Luis Rodriguez,2009-11-04,Cleveland Indians,SDP,30,-0.5,5,363,855,90,208,8,66,5,94,.243,.316,.323,.639,,,,,,,,,,,,,rodrilu01